outbreak,cases,deaths,countries,cfr
2019-Covid,NA,NA,NA,NA
2009-H1N1 (swine flu),60800000,18449,214,0.1
2014-Ebola,28646,11323,10,39.52733366
2003-SARS,8096,774,26,9.56027668